csf	white_matter	global_signal	std_dvars	dvars	framewise_displacement	t_comp_cor_00	t_comp_cor_01	t_comp_cor_02	t_comp_cor_03	t_comp_cor_04	t_comp_cor_05	a_comp_cor_00	a_comp_cor_01	a_comp_cor_02	a_comp_cor_03	a_comp_cor_04	a_comp_cor_05	cosine00	cosine01	cosine02	cosine03	trans_x	trans_y	trans_z	rot_x	rot_y	rot_z
683.3682003028764	611.496394098465	560.576285167508	n/a	n/a	n/a	-0.10437159929999999	-0.08440319210000001	-0.015012658	0.062197743	-0.0820235032	0.029539344900000004	-0.0599917213	0.1134028704	-0.0331599609	0.0179708725	-0.0919271447	0.17662383199999998	0.111798011	0.11178184769999999	0.1117549107	0.1117172025	0.07173060000000002	0.0368981	-0.429954	0.000301604	0.0014395	0.00068549
679.7471666472269	611.3893093725608	559.5202070920208	0.902704	24.407724	0.23434091000000004	-0.06925513900000001	-0.0441000719	0.0096904864	0.0680181488	-0.043233844	0.0385197545	-0.048577460499999996	0.0668631948	-0.025677150699999998	0.0120736903	-0.0808403708	0.1372583635	0.1117549107	0.11160948820000001	0.1113672575	0.11102842880000001	0.0610479	0.0691599	-0.269188	-8.87982e-05	0.00126929	0.000633494
675.4441770884522	610.4545569259952	558.4725759785553	0.8482389999999999	22.93507	0.0881215275	-0.0814816411	-0.0556983879	-0.0810777701	0.052190527599999995	-0.070016809	-0.0082232752	-0.0634423149	0.0620665151	0.0630271225	0.0056018707999999995	-0.06275461610000001	-0.018603220400000002	0.11166872679999999	0.111265035	0.1105932959	0.1096551279	0.0567053	0.0191955	-0.287686	5.93035e-06	0.00134391	0.0007704759999999998
677.2079860969823	610.0584046751602	559.0068432531126	0.910728	24.624683	0.0672986175	-0.0722125421	-0.0415988407	0.054066357599999997	0.0474049551	-0.040585903900000005	0.070933852	-0.049677731399999994	0.059508755	0.0690812465	-0.0638477195	0.0503628331	0.0826369032	0.1115394925	0.1107490191	0.1094357105	0.1076057667	0.0522794	0.047837	-0.270449	-7.794399999999998e-05	0.00125841	0.000599966
673.9834434876664	610.226533052894	558.2199094248581	0.900623	24.351448	0.10596661	-0.0654940035	-0.046258936900000006	-0.0531569554	0.0099931099	-0.1025503144	0.0171388711	-0.061032598	0.0481549354	0.0554836457	-0.0256443788	0.0534384595	-0.012162160200000001	0.1113672575	0.1100622363	0.1078985167	0.1048929802	0.0567279	0.00833	-0.22195	-9.72652e-05	0.00123096	0.000823437
675.6655772249078	610.7049060636114	558.3190062398492	0.88098	23.820326	0.05890434000000001	-0.059428135599999994	-0.0426164389	0.0412146373	-0.044685605999999996	-0.0390662617	0.0785613983	-0.0489180733	0.0530793543	0.0216693548	-0.0393400331	0.041240458	0.012630064199999999	0.1111520884	0.10920574539999998	0.1059870468	0.1015334935	0.053421	0.024727	-0.205101	-0.000314883	0.0012369	0.000599966
675.2182837250048	611.8969348584393	558.95306404691	0.8156529999999999	22.053999	0.11877025	-0.040351063799999996	-0.0110681016	0.0291031223	-0.0488459482	-0.0608880047	0.008265951899999999	-0.0272725284	0.0274866106	-0.046565507199999995	0.0056304756000000004	-0.0657140784	-0.0174847994	0.11089406800000001	0.10818086730000001	0.1037079311	0.09754801910000001	0.0399572	0.0170796	-0.140731	-0.000670194	0.00092643	0.000599966
675.8895863318752	611.1540138418742	557.7080108812534	0.847128	22.905031	0.14296548800000003	-0.061968112400000004	-0.048297286200000004	0.024788297	-0.10784452859999999	-0.0797922104	-0.0189941441	-0.045995603899999994	0.0555445116	-0.0069569051	-0.010037274	-0.1405905362	0.026664417200000002	0.1105932959	0.10698918210000001	0.10106907550000001	0.09296112869999999	0.0309732	0.000907662	-0.212263	0.000255357	0.00092643	0.000599966
670.5836650256664	611.9385874233752	558.0162567941925	0.970541	26.24192	0.126001338	-0.030432806099999998	-0.0015462596	-0.0186089086	-0.0522044903	0.1213913838	0.0211047825	-0.016039499	0.029342021	-0.0622270806	-0.0072658173	-0.033426812	0.0615061309	0.1102498879	0.1056325273	0.0980796336	0.08780110210000001	0.0288069	0.0379744	-0.150205	-0.000238849	0.00092643	0.000599966
672.824118452353	611.3693952366139	558.7533202363591	1.012555	27.377914	0.09127185	-0.029808944100000002	-0.015184564199999999	-0.081439397	0.08856883859999999	-0.0299403323	0.0007445797999999999	-0.02546006	0.0411450629	-0.013277447	0.015102056899999999	-0.021275653999999998	-0.0757477318	0.1098639765	0.10411299480000001	0.094749975	0.0820997524	0.0288069	-0.0173534	-0.163418	0.000215772	0.00092643	0.000599966
677.6041872577033	611.5257996611538	557.5235651517614	1.016462	27.483561	0.10604326	-0.0224290415	-0.0124929797	0.0342133056	0.0026933639	0.0571807584	-0.0102152673	-0.013765821999999999	0.0147765998	-0.016250887	0.0100460453	-0.016127248	0.029867174399999998	0.1094357105	0.1024329276	0.0910916496	0.0758922305	0.0288069	0.0180561	-0.10632200000000001	-5.49832e-05	0.00092643	0.000599966
670.0637551798616	611.2200966248364	556.5749120139151	0.929879	25.142483	0.0422653	-0.0220398981	0.0039894972999999995	-0.1132168543	0.0243888461	0.0129846135	0.0462874844	-0.025069314500000002	0.0141616243	-0.0251231635	0.011816595800000001	0.0247988123	-0.0105710093	0.1089652549	0.1005949163	0.08711734730000001	0.0692168078	0.0287984	-0.00262021	-0.100066	-0.00011604900000000003	0.0008518389999999999	0.000429133
672.1578888436993	609.9989939569645	557.4062753754566	0.848473	22.941406	0.08668233	-0.0197885281	-0.0068996032	-0.0674003206	0.0344803703	0.0288904311	0.0591743275	-0.0410819982	0.0232482875	0.06117596610000001	-0.025941724	0.0720075096	0.0006074664	0.10845279109999999	0.0986017949	0.0828408542	0.0621146404	0.0201086	0.0183	-0.139032	8.96294e-05	0.000825447	0.000299077
674.842302085747	610.2182408117889	559.2781336340212	0.882486	23.861061	0.14798552	-0.0036703526	0.015429326799999999	0.0093084476	0.1029192269	0.0144517091	0.0142082051	-0.0136905825	0.0018645767000000002	0.030632177599999998	-0.0343482209	0.1516441244	-0.1339491636	0.1078985167	0.0964566367	0.0782770044	0.0546295156	0.0102071	0.0238044	-0.0615207	-0.0007856799999999998	0.00092643	0.000174003
674.6441652696845	611.1624208986257	560.3912674869547	0.941843	25.465979	0.118111054	-0.015294153100000001	-0.0002943043	-0.0348957259	0.0420573929	-0.1012859648	-0.0637557743	-0.020535375800000002	0.0187602064	-0.0231173089	0.0130719394	0.061060337199999995	-0.10872508460000001	0.1073026454	0.0941627493	0.07344162900000001	0.0468075816	0.00293002	-0.000471374	-0.106227	5.1358e-05	0.00092643	0.000174003
679.0001314241223	611.7358102351159	560.2985540439166	1.029669	27.840639	0.07461521399999999	-0.0196368032	-0.027230464	0.1326237218	-0.0333950652	0.0564625813	-0.1320257202	-0.0096472344	0.036602853500000004	-0.0629145962	-0.0061048342	0.043111204800000004	-0.0375042673	0.1066654069	0.0917236698	0.0683515007	0.038697063399999995	0.00289392	0.0338913	-0.116964	-7.22528e-05	0.000460452	0.000174003
674.0122146346947	613.066714932516	559.6077044818574	0.938462	25.374548	0.13636368999999998	-0.0084689768	-0.006055647	0.037003721499999996	-0.048079844299999994	0.11765289470000001	-0.12636638619999999	0.019375343700000002	0.005253915699999999	-0.1522082302	0.0870296616	-0.0448205976	-0.104920943	0.1059870468	0.08914315910000001	0.0630242761	0.030347964900000003	-0.00167651	0.0114568	-0.0314456	-0.000490727	0.000518785	0.000174003
677.1360219937086	611.6591006262449	558.9617082939967	0.995622	26.920065	0.12009719999999997	-0.0062841773	-0.0068167422	-0.0074410438	0.0630848388	-0.0253997039	-0.0087589273	0.0097996964	-0.000571684	-0.0383470203	0.0308213388	-0.08110988570000001	-0.058506234299999994	0.1052678267	0.08642519609999999	0.0574784342	0.0218117611	0.00288498	-0.00712961	-0.08794359999999998	0.000144582	0.000345068	0.000174003
677.8008021743005	610.6122115653484	558.8535129493947	0.98399	26.605576	0.063888125	0.0040174994	0.0053983191	0.1026253433	-0.011919733	-0.0530604048	0.0271052593	-0.0006064528	-0.010003588	0.0174472104	-0.0063992765	-0.0511648572	0.0243995017	0.1045080238	0.0835739716	0.051733212199999996	0.013141080500000001	0.00288035	0.0208606	-0.0674698	-8.59987e-05	0.000267259	0.000174003
674.0637418022956	610.918833126834	558.0727974058887	0.968684	26.191706	0.170248905	0.0042168758	0.005394367099999999	0.0164295071	-0.1032106425	0.0155285587	-0.0840640827	0.0042986265000000004	-0.0207491851	0.006586862299999999	0.0264083902	-0.009776788	-0.14811293960000002	0.1037079311	0.0805938822	0.0458085392	0.0043893808	-0.00559826	0.00497747	0.0567623	-0.000441291	0.000345068	0.000174003
675.0293507771355	610.4424119820998	557.5525877166851	1.036579	28.027479	0.11840913	0.0084503343	0.0032854741999999997	-0.0167699532	0.016026247900000002	0.058141598899999994	0.020501563	-0.0030033471999999996	-0.010660233	0.0416738195	0.0011695041	0.0941948093	0.0330424723	0.10286785710000002	0.0774895228	0.0397249664	-0.0043893808	-0.00216216	0.00104459	-0.0158814	0.000326638	0.000345068	0.000174003
672.2033284134399	610.3397540372163	557.9605744018	0.986583	26.675663	0.175822435	0.023113519	0.0370725029	0.0026751162	0.0173507602	-0.0328036146	0.0211364917	0.0021205548	-0.0445908352	0.040798172	0.0188069108	0.08574124699999999	-0.0402437752	0.10198812550000001	0.0742656803	0.033503596499999996	-0.013141080500000001	-0.0140535	0.0112377	0.07348019999999998	-0.000348449	-7.1959e-05	-2.14107e-05
670.9068874834708	610.3299436781242	557.5869955199246	0.932189	25.204952	0.19376777	0.011535474399999999	-0.01082998	0.0070823069999999995	-0.10157169740000001	0.18844495149999999	-0.041427866	0.0035967603	-0.007532880600000001	0.0353489942	-0.0171534442	0.0928118792	-0.050900653899999995	0.10106907550000001	0.0709273254	0.02716601	-0.0218117611	-0.00704655	-0.0120621	-0.027908	0.000383536	-0.000547613	1.24067e-05
676.0971444303393	610.9718907126141	558.5076172014975	0.9773210000000002	26.425234	0.187188	0.0426301228	0.0319466461	0.040435388100000004	0.0466136893	0.0058964992	-0.0048485834	0.0209114878	-0.0446796789	-0.021677824900000003	0.0207058613	0.0508112583	0.0048342462	0.1001110615	0.0674796057	0.0207341905	-0.030347964900000003	-0.0140863	0.0207552	0.0695307	-0.000164572	-0.000124361	3.88917e-05
673.8585027887301	611.4480184395861	557.4096690298221	0.987911	26.711592	0.16026207	0.0206235952	0.0032005105	-0.0201485245	-0.0571185563	-0.0817657527	-0.0041983653000000004	0.0356459908	-0.026952792200000002	-0.011761726699999999	0.024984222900000002	-0.0499859657	-0.0332768016	0.09911445279999999	0.0639278374	0.014230448799999998	-0.038697063399999995	-0.0140646	-0.0252675	0.0123592	0.000309987	-0.000662804	-8.90297e-05
672.4940112112545	611.4405299080032	557.0138788937965	1.0189530000000002	27.550913	0.127135395	0.0390284732	0.0183611921	0.06306613650000001	-0.1043998912	0.2048889175	-0.0284043532	0.033008585800000004	-0.0334342878	-0.034207414	0.0675408955	-0.0471671401	0.0419464601	0.0980796336	0.060277497	0.0076773447	-0.0468075816	-0.0140743	-0.00707717	0.07404439999999998	-0.000193574	-0.000273853	-0.000141521
674.3710930228223	611.2195097893126	557.194277645087	1.0143700000000002	27.426989	0.114413885	0.04852642769999999	0.0595864458	-0.0650539352	0.046849503	0.021324461099999997	-0.0278465519	0.0326595153	-0.0768496595	-0.0359052995	0.04530421849999999	-0.0565171137	0.0204283254	0.09700700279999999	0.056534213	0.0010976097	-0.0546295156	-0.0228527	-0.0234891	0.147076	-9.82179e-05	-0.000411944	-0.000231913
672.0077280964862	609.9415478620457	556.7507638420623	0.97222	26.287323	0.0909358	0.048276812300000006	0.0328816969	0.0201576925	-0.032411638199999995	0.0355463592	0.038097748199999996	0.0221638366	-0.0386627068	0.0565469437	-0.0243396304	0.0152936021	0.013302008600000002	0.0958969739	0.0527037574	-0.0054859328	-0.0621146404	-0.0289599	-0.0204668	0.080073	7.98281e-05	-0.000293924	-0.000231913
671.6131937780364	610.1666375575255	557.4566626835392	0.913412	24.697239	0.163801005	0.06088290440000001	0.07748852839999999	0.0033746187	-0.0239243156	-0.010533331699999999	0.0535204379	0.026416331600000002	-0.08621230810000001	0.0544103054	-0.035250679	0.0313888298	0.010180665	0.094749975	0.048792036399999995	-0.0120504457	-0.0692168078	-0.0338469	-0.0113343	0.188235	-0.000509542	-0.000536944	-0.000231913
672.2311574322282	610.8432334025416	558.306965411316	0.913053	24.687536	0.16723925000000003	0.056247086200000004	0.008262999	0.0148366543	-0.11174525519999999	0.15339799810000002	-0.0931595343	0.0442950079	-0.0465503622	0.0007894006	-0.0126753276	0.113968744	-0.0377147078	0.0935664481	0.044805081600000005	-0.0185731583	-0.0758922305	-0.0193982	-0.0567449	0.0982505	-0.000383098	-0.000536944	-0.000453378
675.3711259141323	611.6488565191563	559.9597359709004	0.985032	26.633726	0.13344016	0.0780823766	0.07530579030000001	0.0192311024	0.0781729588	0.0262075122	-0.0354075575	0.063976101	-0.0723161786	-0.035024257999999996	0.044371313499999995	0.0333549468	0.0359334506	0.0923468496	0.040749040699999996	-0.025031444700000002	-0.0820997524	-0.0272495	0.00750181	0.146231	-0.000646134	-0.000536944	-0.000449181
673.1932877797198	611.6073315271601	559.0607617882328	0.909723	24.59749	0.09355955999999997	0.0704587559	0.040666255400000004	-0.025712353700000003	0.0342116777	0.0378035418	-0.0770763661	0.0598988732	-0.0675518569	-0.0337921638	0.0340610892	0.0015133897	-0.021272209900000002	0.0910916496	0.0366301676	-0.0314029026	-0.08780110210000001	-0.0272574	-0.0481195	0.125089	-0.000462442	-0.000645518	-0.000492682
673.0524758435058	610.9646955987934	558.3690235652568	0.94027	25.423441	0.07619531000000002	0.0806116146	0.0507124528	0.0333290524	-0.0033562415000000004	0.0474874313	0.024260350400000002	0.0630523479	-0.0724695517	0.0083199399	0.0385492888	-0.0440943942	0.0820364027	0.089801332	0.0324548136	-0.037665430699999995	-0.09296112869999999	-0.0257108	-0.00032724	0.127149	-0.000335856	-0.000536944	-0.000231913
672.3424735073825	611.219433245548	559.2479899981788	1.008985	27.281387	0.12210205999999997	0.08526510550000001	0.0628775063	-0.021985417	0.0448342021	-0.042391371100000005	-0.0165750746	0.0611940054	-0.0856968836	0.0027694797	0.0203760696	0.007600922800000001	-0.0154510826	0.0884763943	0.0282294165	-0.043797305700000004	-0.09754801910000001	-0.0338304	-0.0500074	0.166644	-0.000192585	-0.000536944	-0.000584788
674.2427461679407	611.0391599239191	559.4684101031169	0.972755	26.301796	0.11853607	0.0872147609	0.0395824585	0.023533569700000003	-0.0117203661	-0.0299274712	0.0186417974	0.0759679756	-0.0704878722	0.0165161001	-0.0118533975	-0.0011822599	0.0600216999	0.08711734730000001	0.0239604917	-0.0497772575	-0.1015334935	-0.0246927	-0.012845	0.110217	3.69384e-05	-0.000484206	-0.00055087
671.7329890073522	611.4168906422062	560.0111038501507	0.871465	23.563059	0.15574437	0.099795798	0.08048874639999999	-0.020533921200000003	0.034684401000000004	-0.082653795	-0.0049728898	0.07657655669999999	-0.09187041	-0.0060724825	-0.011322651299999998	0.0350684173	0.0021744939000000003	0.0857247149	0.019654621599999998	-0.055584543	-0.1048929802	-0.0338387	-0.0341339	0.194377	-0.000738982	-0.000476343	-0.000590076
672.2268816194456	611.5204671122585	559.1414162548523	0.864244	23.367807	0.12437837500000003	0.0999096881	0.033380749	0.0180803717	-0.0433143209	-0.026144509700000002	-0.0167624912	0.09458064869999999	-0.07274090400000001	0.011822396200000002	0.0187338297	0.022840566	0.0302880074	0.08429903400000001	0.0153184455	-0.0611990179	-0.1076057667	-0.027142	-0.0302292	0.121149	-6.47105e-05	-0.000536944	-0.000666183
669.9686726990006	610.9527164997194	558.6400821215799	0.836171	22.608767	0.139133035	0.11076754800000001	0.08807691779999999	-0.0396790837	0.011921	-0.0390082493	0.04500173019999999	0.0846011149	-0.10802518230000001	0.0215770738	-0.0200148259	-0.0163439605	0.1264471231	0.0828408542	0.0109586494	-0.0666012069	-0.1096551279	-0.033874	-0.00323959	0.193015	-0.000423506	-0.000224831	-0.000666183
671.7761819635971	610.4153792760964	558.1389938628688	0.821149	22.202591	0.14463880999999998	0.1165191192	0.0387988259	-0.030749746499999998	-0.0222803585	-0.047613171100000004	-0.0014358935	0.0974347497	-0.0731764095	0.07580703559999999	-0.028376411600000002	-0.0092454802	-0.0127368229	0.0813507377	0.0065819558999999995	-0.07177237110000001	-0.11102842880000001	-0.0338266	-0.0577571	0.13279800000000003	-0.000138481	-0.000536944	-0.000666183
669.5907343318596	611.0418261983667	557.6837717473861	0.891232	24.097544	0.16205349000000002	0.1322081443	0.0808153434	-0.0163320376	-0.0261440075	0.0432170003	0.0328570092	0.10376533289999999	-0.1019074449	0.037979361	-0.006248452900000001	0.0320373567	0.021451611000000002	0.07982925889999999	0.0021951135	-0.07669457269999999	-0.1117172025	-0.0338546	-0.00118366	0.21084	-0.000514054	-0.000364316	-0.000666183
667.8356218917012	611.17239710254	558.3662287910731	0.922482	24.942482	0.11290394	0.14284820380000002	0.0630033247	-0.08632369949999999	0.038283500899999996	0.0064416176	0.0080391278	0.11463029640000001	-0.1120148039	0.0267366396	-0.0219899171	0.04743308	-0.0033214806	0.0782770044	-0.0021951135	-0.0813507377	-0.1117172025	-0.0338266	-0.0579061	0.164937	-0.000481672	-0.000536944	-0.000666183
670.9102211680129	612.2370570739903	559.323517980189	0.898792	24.301937	0.08334231000000002	0.151705116	0.06317964969999999	0.0206997722	-0.0007827385	0.0435296604	0.005626789599999999	0.1411045818	-0.08796826519999999	-0.0033682348999999998	0.009995384	0.0710708214	-0.0082049843	0.07669457269999999	-0.0065819558999999995	-0.0857247149	-0.11102842880000001	-0.0338328	-0.00575799	0.14865	-0.000244253	-0.000476343	-0.000666183
671.9112686589664	612.6336813447036	557.690557885286	0.970532	26.24169	0.09373251	0.1507476541	0.0520657722	-0.0313971169	-0.0086553255	0.033469830299999996	-0.045294279400000005	0.13369739419999999	-0.1096872534	-0.0659689787	0.0166249554	-0.0072944165	-0.0204472454	0.0750825737	-0.0109586494	-0.089801332	-0.1096551279	-0.0338266	-0.0580261	0.185951	-0.000266795	-0.000536944	-0.000666184
670.4927134147819	610.926321658417	557.0900549309026	1.023263	27.667458	0.1655931	0.1634475474	0.039357515600000004	-0.0470979163	-0.0108937822	0.0010149388	0.0475686205	0.1366072142	-0.0751829679	0.07212784	-0.05580188639999999	-0.0456098708	0.0213291383	0.07344162900000001	-0.0153184455	-0.0935664481	-0.1076057667	-0.0224356	-0.0321243	0.0793972	0.000102228	-0.000536944	-0.000600277
670.7125191803693	612.0422659517799	557.9614689168728	0.93374	25.246893	0.15888433	0.1715342082	0.0657729726	-0.0391762165	0.021295011699999998	-0.029554141699999998	0.043884470300000006	0.1642428376	-0.09455063650000001	0.024395475	-0.025277938399999998	-0.0561002837	0.0373425822	0.07177237110000001	-0.019654621599999998	-0.09700700279999999	-0.1048929802	-0.00775347	-0.0372789	0.16187	-0.000904153	-0.000536944	-0.000475162
670.6929519015338	610.9579980194391	558.3220732322964	0.972845	26.304211	0.30658378	0.1682959037	0.0020604651	-0.011424249099999999	-0.031778961099999996	-0.0551789121	0.050853996900000004	0.1507769871	-0.054539411100000004	0.08316619	-0.0508607064	-0.0065222553	-0.0623633503	0.07007544360000001	-0.0239604917	-0.1001110615	-0.1015334935	-0.0126547	-0.0263578	-0.0106916	0.00130835	-0.000548529	-0.000335253
670.6540347580717	611.3482946723242	557.8780114802482	0.998057	26.985909	0.426377	0.1780871231	-0.0171498834	-0.0260849056	0.010772911000000001	-0.0892123907	0.0204281057	0.152836188	-0.0189918246	0.08001588679999999	-0.0236677784	-0.0469539157	-0.0302461439	0.0683515007	-0.0282294165	-0.10286785710000002	-0.09754801910000001	0.108652	-0.096306	-0.126731	0.00132421	-0.00156972	0.00100935
679.383287732286	609.3339562203197	558.2239523051511	2.11824	57.273918	1.37589945	-0.0396139937	-0.1524410823	0.18104835670000002	0.0447465097	-0.1173010391	0.10340313599999999	-0.0283886946	0.2037183295	-0.060344392000000004	-0.4253763699	-0.31571169649999997	-0.4955017214	0.0666012069	-0.0324548136	-0.1052678267	-0.09296112869999999	0.157955	0.0466914	-0.954557	0.00646094	-0.000836269	0.00225463
664.0042037528664	606.6243069729887	554.2442436275145	1.975524	53.415108	1.1682198500000003	-0.21420880890000002	-0.0259193857	0.12369077210000001	0.0361298544	0.1736251875	0.10225225339999999	-0.20650865559999998	0.077322922	-0.07865958349999999	-0.22346339920000002	-0.1065206079	0.0630096691	0.0648252372	-0.0366301676	-0.1073026454	-0.08780110210000001	0.0806652	0.168317	-1.63606	0.00925925	0.00183798	0.00197116
667.6348036337246	607.071041894566	554.8300725538941	1.193023	32.257488	0.19536025	-0.21790988379999998	-0.0193567992	-0.0754478334	0.0684608491	-0.04815257690000001	0.0690602879	-0.2034036316	0.0644973047	0.0150946861	0.0416134303	-0.012724411100000001	0.04432208519999999	0.0630242761	-0.040749040699999996	-0.1089652549	-0.0820997524	0.0654207	0.07825899999999998	-1.66779	0.00925213	0.000845845	0.00213846
671.3622977805206	607.6367896119455	553.5537991730667	1.098456	29.700552	0.4723180500000001	-0.18726141710000002	-0.0681098222	0.183300011	-0.1452418785	0.05814657769999999	-0.061183943899999996	-0.1478588951	0.11543135439999999	-0.0007706175	0.0364052463	0.0049863174	0.2021591128	0.0611990179	-0.044805081600000005	-0.1102498879	-0.0758922305	0.0180859	0.126407	-1.42953	0.00762082	0.00130453	0.00145695
662.3620742301333	606.9215008942026	552.9915349817574	0.96398	26.064526	0.27461455000000007	-0.1979931793	-0.0491181077	-0.1551148459	-0.1613097997	0.11551229060000001	0.011012343400000001	-0.1827016514	0.0876309402	0.0406779574	0.0665114103	0.0726931121	0.0789283379	0.059350166399999994	-0.048792036399999995	-0.1111520884	-0.0692168078	0.040682	0.0735067	-1.52791	0.00880937	0.000706947	0.00168558
672.0644007337065	608.0822615614162	556.1542376160039	0.9514300000000002	25.725201	0.2447484500000002	-0.15145227519999999	-0.08544704869999999	-0.0386384439	0.013509607199999999	0.131096708	-0.019676088600000002	-0.1275353217	0.1237863358	-0.0041105084	0.0507080404	0.10763533550000001	0.0440785095	0.0574784342	-0.0527037574	-0.11166872679999999	-0.0621146404	0.029645	0.124136	-1.446	0.007367389999999999	0.00111559	0.00151276
671.5420268601968	607.9231525905465	558.5503665919484	1.047313	28.317719	0.3236764999999999	-0.14568703	-0.0368788232	-0.1161159642	0.1797827521	0.0402978332	-0.0603726345	-0.1439018301	0.0733967477	-0.0143431986	0.0893164609	0.1206322439	-0.0799508364	0.055584543	-0.056534213	-0.111798011	-0.0546295156	0.0316887	0.0648967	-1.62119	0.008938639999999998	0.00111559	0.00168558
676.073953581349	609.942045396512	558.5904933204064	1.043865	28.224501	0.1772260499999999	-0.1435897501	-0.0469236193	0.1782566291	-0.023842775899999998	-0.0295234591	-0.21079653550000002	-0.08673004289999998	0.099028208	-0.1057263774	0.1326867269	-0.0897888377	-0.009731660100000001	0.0536692229	-0.060277497	-0.1115394925	-0.0468075816	0.0305991	0.0945227	-1.51701	0.00828887	0.000918751	0.00168558
670.550618065855	608.8591297373363	556.7092777785263	0.879173	23.771461	0.14317754999999988	-0.1526474598	-0.0447538779	0.0642863315	-0.0650477061	0.0393106994	-0.0259067926	-0.1188441926	0.0691515538	-0.1087017764	0.0082367316	-0.0915864402	0.1049008474	0.051733212199999996	-0.0639278374	-0.11089406800000001	-0.038697063399999995	0.0197294	0.120844	-1.55364	0.00924156	0.000951692	0.00128408
676.2686117700624	608.5733280796715	557.1521148410911	0.8540539999999999	23.092285	0.22757210999999986	-0.1240951584	-0.0503843684	0.0507823942	-0.13950169810000002	-0.13447173029999998	-0.0821001168	-0.1004639384	0.0811944735	-0.0080007567	0.110667226	-0.1118700394	0.1299177072	0.0497772575	-0.0674796057	-0.1098639765	-0.030347964900000003	0.00626759	0.0818503	-1.44807	0.00822279	0.00057953	0.00128408
671.7677752808381	607.1432099067698	555.993142944881	0.888553	24.025087	0.19801421	-0.1362315509	-0.0272532601	0.1019180724	-0.0801306969	-0.0274330685	0.120143785	-0.1309724587	0.0390370364	0.010064563	-0.0743925005	-0.027596017799999997	0.1269153116	0.047802112699999996	-0.0709273254	-0.10845279109999999	-0.0218117611	0.0231845	0.11675700000000003	-1.5569	0.00859784	0.000951692	0.00128408
671.2767815248684	607.341789945301	555.8593731333741	0.902287	24.396427	0.2551411	-0.10368028509999999	-0.0714990795	-0.0864875697	-0.0691565981	-0.1040050725	0.0160439152	-0.1000203065	0.0931452167	0.10170069890000001	0.0766771782	0.0022753548	0.0367131548	0.0458085392	-0.0742656803	-0.1066654069	-0.013141080500000001	0.0100356	0.08063969999999998	-1.42713	0.00754304	0.000484394	0.00128408
669.8889541555961	606.1714102784052	556.0599962381913	0.842566	22.781685	0.22593369999999996	-0.1057890971	-0.0372926414	-0.07408060820000001	0.000386541	-0.0297394657	0.1431190093	-0.1359116903	0.0437464673	0.1050116534	-0.0782059963	0.1683520826	-0.0448254805	0.043797305700000004	-0.0774895228	-0.1045080238	-0.0043893808	0.0108017	0.0939653	-1.57198	0.008767449999999998	0.000484394	0.00139951
674.7288843399031	607.5956345814752	558.2909554648597	0.8414749999999999	22.752171	0.2731585999999998	-0.07117653639999999	-0.07592829820000001	-0.027532663199999998	0.0603849587	-0.0688763712	0.0521868867	-0.0769600825	0.0758449076	0.0821578234	-0.0347673287	0.1747781922	-0.0033752622999999996	0.0417691875	-0.0805938822	-0.10198812550000001	0.0043893808	0.0186943	0.0989712	-1.42328	0.00689911	0.000731826	0.00128408
672.0283099749653	608.2219284162171	559.1922964828898	0.842936	22.79167	0.25709461999999983	-0.08281151490000001	-0.0253374265	-0.0367211374	0.028077887200000002	-0.10721604779999999	0.0035798469	-0.0774582987	0.0417448621	0.008934923	0.0281242369	0.1089979984	-0.0406564067	0.0397249664	-0.0835739716	-0.09911445279999999	0.013141080500000001	0.00951148	0.0953911	-1.55582	0.00897547	0.000572352	0.00128408
671.2729405405042	609.4538365121144	557.7786002970707	0.911325	24.640802	0.39333928999999995	-0.08978398679999999	0.0350376393	0.08195656280000001	0.0403484272	-0.0104819517	0.0282918367	-0.06811438339999999	-0.0039013469	-0.10810468449999999	-0.030223625499999997	-0.0497457313	0.0766008376	0.037665430699999995	-0.08642519609999999	-0.0958969739	0.0218117611	0.0567417	0.0657181	-1.71169	0.00701669	-8.39394e-05	0.00188033
669.7959733454251	609.5586631969792	556.8507604408644	0.851998	23.036716	0.15534142999999997	-0.08536915070000001	0.0181745441	-0.1101900478	-0.0145005276	-0.10048267359999999	0.0300065981	-0.054464077199999995	0.0160363416	-0.0328374215	0.07211630179999999	-0.10316422789999999	0.12050288099999999	0.0355913742	-0.08914315910000001	-0.0923468496	0.030347964900000003	0.0740948	0.0986672	-1.65526	0.00765896	-0.000341524	0.00195266
675.3469929369015	609.0087345241699	558.6132993568302	0.8283859999999998	22.398279	0.16746885000000009	-0.0616316826	-0.0054603849	0.0010997944	0.0706386347	-0.12309160359999999	0.0151914076	-0.0582911978	0.0336024146	-0.0130088495	0.022146396000000002	-0.0647791556	-0.010092479599999999	0.033503596499999996	-0.0917236698	-0.0884763943	0.038697063399999995	0.0712336	0.045203	-1.57489	0.00732674	-0.000222355	0.00211674
676.9401317911422	610.176881664614	557.9449929795794	0.97068	26.245676	0.2678713499999999	-0.0353463649	-0.05561643769999999	0.0149965472	-0.0041353896	-0.0978818146	-0.0684700472	-0.001159687	0.0778904503	-0.021567832599999996	0.0566924153	-0.0681167594	-0.0205819168	0.0314029026	-0.0941627493	-0.08429903400000001	0.0468075816	0.0688597	0.0871334	-1.41438	0.00653845	-0.000574826	0.00223712
667.482251330209	608.7279847549324	557.1955339470131	1.023135	27.663982	0.27722929999999996	-0.0480363826	-0.0218542477	-0.08547615869999999	-0.0079409138	0.0125475455	0.0709085966	-0.0504325347	0.0404971969	0.0133038648	-0.0372426022	0.06541538	0.050662169900000005	0.0292901022	-0.0964566367	-0.07982925889999999	0.0546295156	0.0968961	0.0668137	-1.54673	0.00584171	-0.00152397	0.0025217
679.0365120684759	608.6178510357599	560.3012340766384	0.931358	25.182487	0.10882580000000007	-0.036689336499999996	-0.0064892744999999995	0.0898438266	0.0555679966	-0.115022695	-0.071029039	-0.0374806325	0.024629736099999997	0.0180339874	-0.0056481184	0.056406656799999996	-0.045271367800000004	0.02716601	-0.0986017949	-0.0750825737	0.0621146404	0.0915783	0.0295077	-1.55508	0.00635524	-0.00193581	0.00229003
674.1164285123459	609.5735637163808	558.4250560361917	0.94136	25.452911	0.2252349	-0.0279386848	-0.025660307400000002	0.050580327599999995	0.0590257371	-0.0720329356	0.0232242379	-0.002476395	0.058644467199999994	0.0003358956	-0.022008474	0.0502508858	-0.0144083168	0.025031444700000002	-0.1005949163	-0.07007544360000001	0.0692168078	0.100425	0.0891079	-1.4772	0.00525559	-0.0014573	0.00229003
669.914029261067	609.660147470814	556.8580623299304	0.827346	22.370146	0.12076089999999985	-0.022200210800000002	-0.025739125499999998	-0.068646418	0.0260002911	-0.0106219691	-0.0019357856	-0.0020572968	0.0350238098	0.012627983999999998	0.0661980489	-0.00047090410000000005	-0.0244725932	0.0228872294	-0.1024329276	-0.0648252372	0.0758922305	0.0912466	0.0530189	-1.50544	0.00602042	-0.00163754	0.00229003
672.7349061551428	609.3781219721758	556.5823860151728	0.879477	23.779703	0.16291849999999994	-0.0037911624	-0.0664633606	-0.0175081479	-0.0083571971	0.1323615879	0.0123875183	0.0119079706	0.054783593600000006	0.0154338536	-0.011760676299999998	0.011943839	-0.0473993991	0.0207341905	-0.10411299480000001	-0.059350166399999994	0.0820997524	0.0912774	0.08862359999999998	-1.4163500000000002	0.00528481	-0.00160929	0.00229003
673.1578492636063	609.4099003915502	557.3706341015012	0.8610459999999999	23.281338	0.11861609999999995	0.0033255696	-0.0564037145	-0.1074117325	-0.0369571608	0.06967102480000001	-0.0777252681	0.0061791109	0.0441602216	0.053644194299999996	0.0739406049	0.04257681519999999	-0.07777003099999999	0.0185731583	-0.1056325273	-0.0536692229	0.08780110210000001	0.08194759999999998	0.0328453	-1.43946	0.00501051	-0.00194295	0.00229003
672.2518117821105	609.7940607860178	558.2072609349078	0.790045	21.361582	0.12511659999999994	0.0061883817	-0.0423323106	-0.0330068799	0.013646984	0.1503400311	-0.056570443600000006	0.0151887677	0.0326324162	-0.0202156349	0.0060175509999999995	0.0864165242	-0.0792787825	0.0164049658	-0.10698918210000001	-0.047802112699999996	0.09296112869999999	0.0807467	0.0623775	-1.51348	0.00541778	-0.00194295	0.00229003
678.9597648525983	611.7077441882983	560.1194841860914	0.811311	21.936604	0.20060799999999998	0.0354811127	-0.0846577192	-0.0227504975	0.0582745878	0.0315133604	-0.07701337400000001	0.0754568303	0.0576210093	-0.043454135899999996	0.0705279412	-0.0182027691	-0.083385815	0.014230448799999998	-0.10818086730000001	-0.0417691875	0.09754801910000001	0.0723518	0.0762751	-1.3847600000000002	0.00490598	-0.00163133	0.00212154
673.3957004085645	611.0721758008118	559.0583621695939	0.827951	22.386499	0.2208339	0.0188255121	-0.032677315	-0.0362688505	0.0796537751	0.11996060480000001	-0.0293092564	0.04235199519999999	0.0336075813	-0.0846064168	0.0513876299	-0.013128568200000001	-0.0844780893	0.0120504457	-0.10920574539999998	-0.0355913742	0.1015334935	0.0764467	0.0611281	-1.51996	0.00605643	-0.00164023	0.00229003
680.0108900830901	611.7894674137142	559.9363211022293	0.862861	23.330425	0.2575055	0.0497253275	-0.0729828276	0.024809811299999998	0.0516856273	0.041369107599999996	-0.0635740531	0.0834544625	0.046241406799999996	-0.09697645279999999	0.0030530378999999996	-0.052070305	0.0102315867	0.0098657969	-0.1100622363	-0.0292901022	0.1048929802	0.0751905	0.0994069	-1.37493	0.00486051	-0.00170579	0.0020927
676.6358968409487	611.4773729730988	560.4597734085659	0.961942	26.009424	0.2241695	0.035022671400000004	-0.0297371264	-0.0580611755	0.09761996099999999	-0.0472052559	-0.010387115	0.055218750999999996	0.0349002328	-0.05231696	0.0912533176	-0.012271179699999999	-0.09681478339999999	0.0076773447	-0.1107490191	-0.0228872294	0.1076057667	0.0797172	0.0561176	-1.51294	0.0055543	-0.00170579	0.00216578
677.1545022014977	611.0884796225548	559.3847325502203	0.995823	26.925505	0.147898	0.0558695127	-0.049852119800000004	0.1381771762	0.0860809085	0.09668906619999999	-0.0201018904	0.0754515474	0.0405113508	-0.055208731399999995	-0.0222179727	0.0051914696	-0.0630794382	0.0054859328	-0.111265035	-0.0164049658	0.1096551279	0.08048629999999998	0.0868835	-1.43902	0.00491454	-0.00162094	0.00229003
671.5360117337398	610.3352634697251	558.7603346863525	0.9693830000000002	26.210619	0.10790059999999996	0.0385751843	-0.040671737799999996	-0.1520650694	0.0296923204	0.0141960518	-0.046373503200000006	0.0580820963	0.0384681817	0.05940119519999999	0.1321680946	-0.013405779599999999	-0.1188238441	0.0032924059000000003	-0.11160948820000001	-0.0098657969	0.11102842880000001	0.0770953	0.0428059	-1.46525	0.00526373	-0.00195579	0.00229003
677.4172835091209	610.8208953807336	560.1124954943834	0.902506	24.40237	0.16569669999999986	0.0571914933	-0.04821215	0.0112406005	0.037315445	-0.0365777108	0.0855535509	0.0665335676	0.0403419609	-0.0124580985	-0.0467055087	0.0620364724	-0.0242903932	0.0010976097	-0.11178184769999999	-0.0032924059000000003	0.1117172025	0.07285229999999998	0.0791756	-1.41592	0.00450256	-0.00170579	0.00178612
673.7390699164292	611.0280610781323	558.0994777229032	0.947945	25.630955	0.2260132	0.0438287804	-0.0152213898	0.0575010043	0.029531346200000003	0.076031889	-0.0262553232	0.061756614	0.0174998879	-0.0180673234	0.060845152699999995	-0.023648872999999997	-0.0806961036	-0.0010976097	-0.11178184769999999	0.0032924059000000003	0.1117172025	0.069961	0.0429127	-1.5179	0.00609578	-0.00170579	0.00189048
669.0732885137602	610.2654810715009	557.7720793524461	1.18283	31.981886	0.43372570000000005	0.0362236927	0.07487686190000001	0.027988468500000002	0.1225546282	0.0521460213	0.1922533335	0.025857604300000003	-0.0662255821	-0.0901699936	-0.1017276758	0.0063847774	-0.0649979961	-0.0032924059000000003	-0.11160948820000001	0.0098657969	0.11102842880000001	0.0668891	0.106889	-1.79384	0.00598466	-0.00307293	0.00222697
671.4016497524012	609.9949498947634	559.1633371428542	1.131537	30.595005	0.3212386	0.0360742534	0.1496191596	-0.024915103199999997	0.0646097617	-0.1099920601	-0.0167626341	0.015322665800000001	-0.1505037214	-0.0485567025	0.05414253769999999	-0.0720893636	0.012943513899999998	-0.0054859328	-0.111265035	0.0164049658	0.1096551279	0.0745789	0.0701957	-1.94768	0.008012969999999998	-0.00307293	0.00265897
673.6505823332503	611.2723887729758	559.5303757613913	0.944004	25.524401	0.33569050000000006	0.044785593	0.0947254577	0.0704659492	0.0122767069	0.054292655599999996	-0.20276167050000002	0.0490183021	-0.0885641787	-0.1100923149	0.0648460391	-0.0622982625	0.0900687551	-0.0076773447	-0.1107490191	0.0228872294	0.1076057667	0.0677217	0.148087	-1.83477	0.00648586	-0.00210426	0.00239411
671.3959969829598	609.7564012541052	557.5254455067425	0.907761	24.544437	0.18486340000000004	0.0376593335	0.103501649	0.0351917638	0.057382898700000004	-0.046845797	-0.019377001499999998	0.0171273656	-0.1142804864	-0.02252794	-0.0197164935	-0.1550275192	0.0800956778	-0.0098657969	-0.1100622363	0.0292901022	0.1048929802	0.068111	0.0869844	-1.85972	0.007933	-0.00168705	0.00229003
672.6468534003823	609.6210336073849	556.5006333088431	0.764397	20.668102	0.2343496	0.0355774913	0.0733320924	0.056984849500000004	-0.010197774100000001	-0.045194617199999995	0.0089179978	0.0266612086	-0.08020997049999999	-0.019067877900000002	-0.0070093738000000004	-0.0916064737	0.0826899553	-0.0120504457	-0.10920574539999998	0.0355913742	0.1015334935	0.07221149999999998	0.109206	-1.74544	0.00634865	-0.00146842	0.00221806
668.3666923335824	608.2413832895794	555.1526160725929	0.857839	23.194641	0.15261009999999992	0.0306903639	0.10514261960000001	0.0195286216	-0.0986536315	-0.0615443961	0.08470163859999999	-0.0117935519	-0.11942843660000001	0.0364970414	-0.0957513527	-0.0494229535	0.0652096407	-0.014230448799999998	-0.10818086730000001	0.0417691875	0.09754801910000001	0.0650155	0.0935189	-1.81539	0.007470949999999999	-0.00146969	0.00229003
670.3686423726831	607.6603268193904	555.6736939331643	0.790194	21.365616	0.20271580000000008	0.0310180714	0.07477656769999999	0.0315517083	-0.1293734352	-0.0905717511	0.0297823733	-0.0032112284999999997	-0.0861239236	0.1148510592	-0.0343377615	0.0333481023	0.0722299891	-0.0164049658	-0.10698918210000001	0.047802112699999996	0.09296112869999999	0.0586627	0.0735004	-1.70675	0.00628956	-0.00156202	0.00220966
662.957499277963	607.6436275215339	554.6123892669947	0.866126	23.418695	0.1388061	0.0332652711	0.05089839	-0.089258404	-0.0783799747	0.1467287639	0.08427782980000001	-0.0118779786	-0.0697930678	0.0867041792	-0.0678584166	0.1289286957	0.041119618999999996	-0.0185731583	-0.1056325273	0.0536692229	0.08780110210000001	0.0582027	0.146569	-1.72692	0.00600151	-0.00102829	0.00229003
665.9258554773377	608.6641727703035	557.6472740103732	0.997737	26.977261	0.2082104	0.0483980095	0.0586875403	-0.1618679565	0.1261853083	0.0562227816	0.027851754	0.0066547005	-0.0760043033	0.046382707300000006	0.0011852686	0.10063976779999999	-0.1418064335	-0.0207341905	-0.10411299480000001	0.059350166399999994	0.0820997524	0.0456671	0.0559687	-1.782	0.00683592	-0.00119377	0.00229003
675.8450164189715	609.8368615074153	556.6497328138538	1.076495	29.106764	0.26186800000000005	0.0369761728	0.0219694667	0.1209295014	-0.12542534119999998	-0.016462528799999997	-0.2259414877	0.0380990443	-0.034305573900000004	0.0069535342	0.0544437891	-0.0402723341	0.0209197148	-0.0228872294	-0.1024329276	0.0648252372	0.0758922305	0.0442273	0.0956084	-1.65173	0.00549117	-0.00147544	0.00210608
667.9870146527667	609.3329483940933	555.4113077238803	0.88917	24.041782	0.0717608000000001	0.0333468641	0.051361365	0.0923317254	-0.1018737226	-0.0153368848	0.1176614638	0.017074691	-0.050439186100000005	-0.023540246	-0.13847924220000002	-0.0538702613	0.09026564460000001	-0.025031444700000002	-0.1005949163	0.07007544360000001	0.0692168078	0.0549875	0.08463329999999998	-1.6776	0.00546248	-0.00174591	0.00229003
672.034252630019	608.457938355368	556.0595255640294	0.844704	22.839491	0.0975545	0.0391825304	0.030274391299999998	-0.0247623503	-0.110492121	-0.1258424321	0.0316835928	0.008214523100000001	-0.0491488105	0.0923965794	0.0157023697	-0.0345413417	0.027916731299999997	-0.02716601	-0.0986017949	0.0750825737	0.0621146404	0.0588714	0.0819292	-1.6393	0.00589303	-0.00152498	0.00188818
670.7378841714526	608.4148314589144	557.0489903666148	0.828785	22.40906	0.1315896	0.035708452	0.0331802919	0.0698534552	-0.049219365599999995	0.035704023700000004	0.0813448529	-0.0006886962	-0.0478346079	0.026627926899999998	-0.1333862622	0.0685307	0.0879372766	-0.0292901022	-0.0964566367	0.07982925889999999	0.0546295156	0.0686702	0.115275	-1.68739	0.00627819	-0.00124993	0.00203507
673.7742910183338	608.7905210101602	559.0147697806461	0.820623	22.188377	0.11861740000000003	0.0435793856	0.0128430505	0.0321818664	-0.08041196190000001	-0.027047665	-0.1083083269	0.0107236525	-0.023660945200000002	0.0751454562	0.038781354	0.09745625529999999	-0.0527007965	-0.0314029026	-0.0941627493	0.08429903400000001	0.0468075816	0.0533563	0.0837105	-1.64143	0.00591311	-0.0013989400000000004	0.00203656
669.5650794551638	609.7309504525597	558.6699441725067	0.837237	22.637602	0.2591451000000001	0.0371656312	0.0350351853	0.0559950326	-0.022870484	0.1214917628	-0.0215056172	0.0127618852	-0.059120645	-0.061675103200000005	-0.0667200854	0.1321163155	-0.057630318300000004	-0.033503596499999996	-0.0917236698	0.0884763943	0.038697063399999995	0.0587789	0.118651	-1.77753	0.007348709999999999	-0.00118226	0.00203792
674.243760767584	610.1514308630677	558.8941232311597	0.811936	21.953482	0.25564450000000016	0.0398645554	0.0147054183	0.0788209947	-0.12119999880000001	-0.0245133307	-0.0630134606	0.0366038718	-0.0209942946	-0.0011734657	0.0104048196	0.028827667400000003	0.0673257851	-0.0355913742	-0.08914315910000001	0.0923468496	0.030347964900000003	0.0487044	0.108092	-1.63509	0.00571717	-0.0012524	0.00188818
667.9852753390924	610.1772388688463	557.8416425346737	0.846088	22.876911	0.20701620000000012	0.0235062929	0.0275448312	-0.08508993779999999	-0.0373363163	0.1608150691	-0.0288036735	0.0169600792	-0.0466524508	-0.0617863946	0.0014908926000000002	-0.0037005226	0.0088591117	-0.037665430699999995	-0.08642519609999999	0.0958969739	0.0218117611	0.0518935	0.08800239999999998	-1.74761	0.00710392	-0.0012148	0.00188818
675.4664258092023	610.1852249348954	558.669304898647	0.784439	21.210001	0.16098880000000007	0.040611644100000004	-0.0014792079	0.0456837784	0.0632556848	0.1311114068	-0.003982277199999999	0.0341814941	-0.010420281600000001	-0.078575328	-0.0295047515	0.0187197891	-0.0181490235	-0.0397249664	-0.0835739716	0.09911445279999999	0.013141080500000001	0.0576602	0.116766	-1.69763	0.00590155	-0.001542	0.00188818
671.7637168822648	610.2360117223418	558.8036753465816	0.856063	23.146605	0.06966699999999988	0.0265939171	0.002755246	-0.1095690002	-0.0042908676000000005	0.0636560684	-0.1144637683	0.0359836377	-0.0033818427	-0.0194001545	0.11128750429999999	-0.046443291500000004	-0.065788875	-0.0417691875	-0.0805938822	0.10198812550000001	0.0043893808	0.0522082	0.089406	-1.66511	0.00591685	-0.0014706	0.00188818
672.0499789244907	609.5494141588231	557.6762175441876	0.85429	23.098682	0.25520020000000004	0.0209094721	0.0305593564	-0.0428494845	0.024092179900000003	0.1596058125	0.011765755	0.0049720665	-0.04729105980000001	-0.034129170800000004	-0.044661735099999995	0.0148240344	0.0375752667	-0.043797305700000004	-0.0774895228	0.1045080238	-0.0043893808	0.0581594	0.116165	-1.79357	0.00722518	-0.0017206	0.00221045
677.5328753970576	609.1108694199993	558.9497248361969	0.899109	24.310524	0.2700232000000001	0.031734570499999996	-0.0116939534	0.0202294141	0.055663505	-0.0494181847	0.0722209414	0.026445166200000002	-0.0123243581	0.034761194700000005	-0.0325171004	0.0367326629	0.0333010211	-0.0458085392	-0.0742656803	0.1066654069	-0.013141080500000001	0.0586491	0.118789	-1.63731	0.00585963	-0.00119543	0.00188818
672.6825093307052	608.5933697885587	558.3995166942254	0.86795	23.468033	0.18155523	0.0221627854	0.0219996975	-0.0401954804	-0.028458815499999998	-0.1315257868	0.0078058109	0.001404584	-0.0196541184	0.0565461791	0.0067714063	0.0125149676	0.0095587341	-0.047802112699999996	-0.0709273254	0.10845279109999999	-0.0218117611	0.0658858	0.0817105	-1.67371	0.00669779	-1.6789399999999995e-05	0.00188818
676.1793994728524	609.958642636017	557.7692213533727	0.825563	22.321943	0.15789987999999996	0.0250395033	0.0064498691	0.10315201619999999	-0.045583756600000004	-0.11260940550000001	-0.047029571	0.0345482338	0.0003872342	-0.014775121499999998	0.037075536299999996	-0.1045674982	0.006764318199999999	-0.0497772575	-0.0674796057	0.1098639765	-0.030347964900000003	0.0660793	0.0881879	-1.63121	0.00549479	-0.000988369	0.00188818
665.0214848381132	606.9290914841373	555.2080174654857	1.219259	32.966873	0.6168299499999997	0.011196508999999999	0.113569083	-0.0424445082	0.0403239867	0.0657329639	0.11871408580000001	-0.046551237599999996	-0.13891289269999998	0.049387466	-0.1706102021	-0.0933888728	-0.0356934259	-0.051733212199999996	-0.0639278374	0.11089406800000001	-0.038697063399999995	0.0674081	0.133632	-2.02532	0.00855646	-0.00144564	0.00188818
674.185203873883	607.5473227090664	557.0456359350953	0.91566	24.758026	0.14408359999999987	0.014778298700000001	0.11112201619999999	0.0713312187	0.0641846924	-0.08208845070000001	0.0364532005	-0.0319370534	-0.12912169240000002	0.0513737795	-0.071939396	-0.102724046	0.0437304917	-0.0536692229	-0.060277497	0.1115394925	-0.0468075816	0.0764562	0.086852	-1.98504	0.008493449999999998	-0.00234214	0.00188818
669.3770161641318	608.1556925457272	556.1245189919048	0.9006579999999998	24.352385	0.32053159999999986	0.0003539092	0.0641494243	0.0457498603	-0.0401844105	0.0458681325	-0.0276571754	-0.0157117939	-0.064729237	0.0203622914	-0.048651643499999994	-0.0479037686	0.07120369650000001	-0.055584543	-0.056534213	0.111798011	-0.0546295156	0.0735321	0.166635	-1.83789	0.00714767	-0.00187443	0.00188818
662.3784527672327	607.8208773644833	554.9393632111274	0.887692	24.001812	0.2590626	-0.0044269782	0.1034096658	-0.0808560879	0.0007775633999999999	0.0178803108	0.0864298254	-0.0257799995	-0.09758386109999999	0.0543889863	0.0168510425	-0.0514853388	0.025143610099999998	-0.0574784342	-0.0527037574	0.11166872679999999	-0.0621146404	0.0701311	0.0957749	-1.95014	0.008190579999999998	-0.00228255	0.00188818
670.9584871224745	608.0492074126412	553.205314717283	1.024158	27.691652	0.4137968	-0.0085996559	-0.0032779413	0.0013895988	-0.1479573102	0.058620904	0.0174883025	-0.0199747346	-0.016118304	0.050030617	-0.0201665204	0.0028937357	0.14406123099999998	-0.059350166399999994	-0.048792036399999995	0.1111520884	-0.0692168078	0.0677099	0.164987	-1.69576	0.00689776	-0.00190369	0.00180419
666.7118078439047	607.1609935746175	554.2746103067086	1.210666	32.734535	0.3587213000000001	0.0041699382	-0.0577500393	-0.2388200016	-0.1203686652	-0.1208532275	0.0884669184	-0.0106229627	0.042008349800000004	0.24382641030000002	0.0702196368	0.035647229100000004	-0.0629966675	-0.0611990179	-0.044805081600000005	0.1102498879	-0.0758922305	0.0501266	0.113102	-1.47925	0.00578043	-0.00200161	0.00156458
675.0103632695245	610.4414169131672	559.6715428847092	1.282784	34.684498	0.12274779999999988	0.0352851187	-0.09616013179999999	0.0175278136	0.058537255700000006	0.0669024933	0.08692345369999999	0.056469422000000005	0.09723810390000001	-0.020277906000000002	-0.0533303656	0.1955998992	-0.0489367346	-0.0630242761	-0.040749040699999996	0.1089652549	-0.0820997524	0.0576649	0.112006	-1.40812	0.00507156	-0.0020571	0.00146927
674.9881145487743	609.8038328732274	560.1607963811857	1.066849	28.845949	0.2297885	0.0116115356	-0.0529927864	-0.061729217999999995	0.11377145890000001	-0.0790954204	-0.037569825099999996	0.0328936687	0.0496126483	0.0314332234	0.10817608599999999	0.034378668	-0.059710832699999994	-0.0648252372	-0.0366301676	0.1073026454	-0.08780110210000001	0.0570539	0.0644455	-1.54262	0.00557929	-0.00240042	0.0015605599999999997
678.4763081225502	610.1821631843334	560.0694206128461	0.899391	24.318148	0.10396070000000018	0.0049934305	-0.043439497599999995	0.14615723560000002	0.0779325927	-0.1019151306	0.0794139155	0.026685978500000002	0.052606500199999996	-0.0727558746	-0.0369887269	-0.012109016100000002	-0.0046295868	-0.0666012069	-0.0324548136	0.1052678267	-0.09296112869999999	0.0657266	0.118017	-1.53303	0.00523836	-0.00213202	0.00159376
676.0919264893166	611.2861538932106	558.7306751892321	0.894599	24.188564	0.14028029999999994	0.0013825785000000001	-0.0662165698	-0.018646893600000002	-0.031602112	-0.1117488012	-0.046740051500000004	0.0537539972	0.08413649599999999	-0.0370896359	0.134962991	-0.10704703089999999	0.0313238948	-0.0683515007	-0.0282294165	0.10286785710000002	-0.09754801910000001	0.0606324	0.0892899	-1.45393	0.00517311	-0.00249095	0.00171676
672.497489838603	608.8002548254888	558.0523886464415	0.892524	24.132477	0.2508338	-0.0184293911	-0.0208203013	-0.0342782865	-0.0047176295	-0.058254370599999994	0.1285837734	-0.0247346165	0.029110591499999998	0.0066975509999999995	-0.07591312929999999	0.027618889599999998	0.0348877023	-0.07007544360000001	-0.0239604917	0.1001110615	-0.1015334935	0.0596672	0.105427	-1.61038	0.00637315	-0.00219551	0.00166661
678.9813613307206	609.5216415297676	560.9259246483166	0.999874	27.035053	0.28512299999999985	0.0064519915	-0.09727775220000001	-0.0030777504	0.048142748799999996	0.0553374158	-0.1032766112	0.0202683821	0.08616042869999999	0.0414635351	0.046739797199999995	0.1151569739	-0.0312692307	-0.07177237110000001	-0.019654621599999998	0.09700700279999999	-0.1048929802	0.0527707	0.129649	-1.42911	0.00512122	-0.00229332	0.00156166
674.7228692134461	609.1310514591203	559.8292117036065	1.008293	27.26268	0.29678349999999976	-0.0210928672	-0.035363985	0.07828867910000001	0.0476590619	-0.010208010699999999	-0.0394114213	-0.0103204578	0.0460734991	0.023400937099999998	-0.0024367266	0.10515210380000001	-0.050181299699999994	-0.07344162900000001	-0.0153184455	0.0935664481	-0.1076057667	0.0529763	0.07435859999999998	-1.5937	0.00637534	-0.00249095	0.00164386
675.6162241994002	609.2728487820207	558.0143986850053	0.908691	24.569601	0.2314757999999997	-0.0203691298	-0.0585246348	0.09595140099999999	-0.1177156548	-0.013714093500000002	0.0062417675	0.0017605467999999998	0.0824677323	-0.0026979004999999998	-0.07101327219999999	0.0253609431	0.1280746077	-0.0750825737	-0.0109586494	0.089801332	-0.1096551279	0.0485238	0.09536190000000003	-1.4527	0.00535493	-0.00228386	0.00171676
671.6258038021748	609.1283851846728	557.6123481143069	0.887618	23.999804	0.1444626999999999	-0.030046387400000003	-0.037369484	-0.022800389700000003	-0.17763001420000002	-0.0596394496	-0.0736666034	-0.0169063877	0.0645164916	0.06617491910000001	0.0869687668	-0.001208694	-0.0005698062	-0.07669457269999999	-0.0065819558999999995	0.0857247149	-0.11102842880000001	0.0391815	0.0571745	-1.50616	0.00580293	-0.0024136	0.00142504
672.8579625975985	610.5206524662514	558.252014788451	0.959735	25.949738	0.1242513000000001	-0.0240553825	-0.0635301565	-0.0131105072	0.029782884300000003	0.1410110572	0.066431214	0.0049913145	0.07735798740000001	-0.0890299175	0.0005426811	0.1209108434	-0.0027581291	-0.0782770044	-0.0021951135	0.0813507377	-0.1117172025	0.0358842	0.110123	-1.52559	0.00574152	-0.00155515	0.00137339
675.4356254628867	610.3853996351776	558.2025770245099	0.858773	23.219879	0.13359069999999992	-0.0176937578	-0.082637032	-0.0928853007	-0.0016523320999999999	0.0149132799	-0.0746487839	0.021556491299999998	0.0955544665	-0.0085699963	0.1361126942	-0.0144707607	-0.061250560700000005	-0.07982925889999999	0.0021951135	0.07669457269999999	-0.1117172025	0.033835	0.101124	-1.45087	0.00622583	-0.00196076	0.00130686
671.2763466964498	608.7467252198305	556.6826302447852	0.901149	24.365683	0.256722	-0.0361998677	-0.0349565723	-0.0639960421	0.0167603807	-0.0071699392	0.0688645546	-0.0379516195	0.0290037082	0.007965030500000001	-0.0310608631	-0.0059639749	-0.0107161394	-0.0813507377	0.0065819558999999995	0.07177237110000001	-0.11102842880000001	0.0262512	0.0972003	-1.61	0.00696818	-0.00120583	0.00153127
683.6980901297658	610.8702150793689	558.17570176409	1.472354	39.810173	0.82274575	0.0633425101	-0.170606435	-0.0008574209	0.0440889037	-0.1339937041	-0.0026152484	0.1127443512	0.12878345119999998	0.0468837758	-0.0568463272	-0.07516713	0.0293280834	-0.0828408542	0.0109586494	0.0666012069	-0.1096551279	0.0159528	0.106746	-1.03694	0.00335033	-0.0015143	0.0008607569999999998
669.9623676869315	609.1236139567133	556.8383707046206	1.33274	36.035213	0.67902535	-0.0334287849	-0.0633212915	0.0210733783	-0.0665641624	-0.0256230584	0.0622454243	-0.0200814695	0.0715736647	-0.0228569495	-0.0637969066	-0.026101352999999997	0.0230390406	-0.08429903400000001	0.0153184455	0.0611990179	-0.1076057667	0.0310185	0.102421	-1.45845	0.007412529999999999	-0.00113952	0.00118627
675.9464039119015	611.3063997188017	557.8387933168365	0.900603	24.350903	0.27666670000000004	-0.0163095972	-0.09377817109999999	0.0321036217	-0.0770779643	0.0033473106	-0.1144861066	0.036202975	0.1001717132	-0.0655459516	0.08709339949999999	-0.0934579795	-0.0161341029	-0.0857247149	0.019654621599999998	0.055584543	-0.1048929802	0.0483587	0.0833165	-1.35723	0.00566433	-0.00204305	0.00131458
664.7867499634879	603.1363479755148	549.7391010116563	1.387963	37.528358	0.42742650000000015	-0.0376136614	-0.0493577776	-0.1185736769	-0.09644338529999999	-0.1230492651	0.0356146282	-0.09243907400000001	0.0270066249	0.4635632858	-0.0147529751	-0.3259234909	-0.161993406	-0.08711734730000001	0.0239604917	0.0497772575	-0.1015334935	0.190622	0.0969327	-1.46297	0.00699978	-0.00214438	0.00319394
686.8417546532272	614.0364351219578	562.4256769307115	1.819385	49.193359	0.73317765	0.045761358499999995	-0.1697677934	-0.0040372953	0.1338481283	-0.0588022698	0.0705455513	0.1238270034	0.16420256460000002	-0.1686227136	0.0008267045	0.0082182213	-0.0169653544	-0.0884763943	0.0282294165	0.043797305700000004	-0.09754801910000001	0.0338697	0.109668	-1.14847	0.00535643	-0.000525429	0.00147244
675.7711680592176	609.0162740849288	558.6106374719924	1.585016	42.85638	0.8508487999999998	-0.040345258700000004	0.0218279558	0.23334508350000002	0.0610459095	0.0399905866	0.09207263800000001	-0.05714591980000001	-0.007024046	-0.08463049619999999	-0.1672971698	-0.060443972699999994	0.0486926108	-0.089801332	0.0324548136	0.037665430699999995	-0.09296112869999999	0.0240164	0.103634	-1.72753	0.00925205	0.000662081	0.00150734
671.2159780176715	608.5574962778078	556.1346747821317	0.977839	26.43924	0.10165881500000007	-0.07286950730000001	0.0411638371	0.07816859179999999	-0.1365132763	-0.0392669147	-0.0364592826	-0.0693300152	-0.0263476323	-0.025969898199999997	0.0023498667	-0.0509210571	0.08616838859999999	-0.0910916496	0.0366301676	0.0314029026	-0.08780110210000001	0.0139843	0.10774	-1.71912	0.00999436	-4.69733e-05	0.00163819
671.255909760777	608.5925278071538	554.2887024315828	0.921433	24.914114	0.33885630500000014	-0.0616112028	-0.0085591525	0.0678270357	-0.06724791150000001	-0.0083667481	0.1176872316	-0.0558239989	0.0329041718	-0.0148777534	-0.050440419699999996	-0.0007752555	0.1068222127	-0.0923468496	0.040749040699999996	0.025031444700000002	-0.0820997524	0.0236041	0.160406	-1.56683	0.00768034	-4.69734e-05	0.0014666
665.6928599163865	608.2252835845417	555.9296282768679	0.99502	26.903799	0.32560653	-0.0627081349	0.0143106879	-0.12552297880000002	0.0036716525	0.1448814965	-0.021633147400000004	-0.0771970405	0.0035724715999999996	-0.011432981299999999	0.011336285500000001	0.1331605172	-0.066371364	-0.0935664481	0.044805081600000005	0.0185731583	-0.0758922305	0.0182849	0.0777445	-1.706	0.00942091	-0.0002417	0.00143278
674.0833815525342	609.7764684775802	558.3683971705411	0.9422680000000002	25.477459	0.29861363	-0.0528841379	-0.0363076799	-0.029260251299999998	0.0125417928	0.1065776056	-0.1459188808	-0.0330049834	0.0524802359	-0.064182669	0.0422979317	0.132124924	-0.0440426079	-0.094749975	0.048792036399999995	0.0120504457	-0.0692168078	0.0225522	0.137784	-1.56846	0.00788571	-4.69734e-05	0.00163819
675.1578425748231	610.0963703821286	560.1602162343037	0.981098	26.52738	0.29922063000000004	-0.0632532825	0.0038123440999999997	-0.07731867419999999	0.19155752339999998	0.018989747	-0.0820320601	-0.0390970022	0.0251166015	-0.1188348263	0.0542038314	0.0857224035	-0.1009725233	-0.0958969739	0.0527037574	0.0054859328	-0.0621146404	0.0200355	0.0938647	-1.72784	0.00919149	-0.000464496	0.0014934
676.8099006797803	610.82782259138	559.3717369088057	1.029809	27.844442	0.1885413	-0.043329864	-0.0123271472	0.1318542866	0.18250297079999997	0.1029036366	-0.0970804616	-0.012374158	0.0415877941	-0.1595153415	0.042561946399999995	-0.022458705	0.0207921509	-0.09700700279999999	0.056534213	-0.0010976097	-0.0546295156	0.0237294	0.153622	-1.66294	0.00863388	-0.000164114	0.00114759
669.8980855523862	610.3378659577027	558.5408131943964	1.042611	28.190594	0.10321555000000003	-0.0671286295	-0.0133224776	-0.1374687349	0.0842393199	0.0359705233	-0.1090752422	-0.028066404700000002	0.0253107316	-0.047414862	0.19664127690000002	-0.0697704508	-0.043651444000000005	-0.0980796336	0.060277497	-0.0076773447	-0.0468075816	0.0151632	0.112377	-1.6226	0.00861958	-0.000152367	0.00138283
676.1128707248113	609.4394717990609	558.2149954461194	1.065118	28.799133	0.10740922499999987	-0.0612376733	-0.0065115947	0.0145084549	0.09878372769999999	0.08242084969999999	0.0916537318	-0.0512967129	0.0176511512	-0.11867091	-0.0731134848	0.0007334505	0.0877514632	-0.09911445279999999	0.0639278374	-0.014230448799999998	-0.038697063399999995	0.0255243	0.152471	-1.66705	0.008561499999999998	2.15455e-05	0.00136474
676.7132238280516	608.8727545273367	559.4434936433734	1.00219	27.097673	0.140831945	-0.063000604	-0.0022063519	-0.033586963500000004	0.08329690690000001	-0.0689818636	-0.08171840309999999	-0.0598358374	0.0203685426	0.021293418999999997	0.1306124283	0.0100261236	-0.08333031190000001	-0.1001110615	0.0674796057	-0.0207341905	-0.030347964900000003	0.0213523	0.10279700000000001	-1.62543	0.007948709999999998	-4.69734e-05	0.00113873
672.0833882413173	608.9839343446182	559.2105362774544	0.920832	24.897861	0.17001299999999997	-0.0678254197	0.0322291807	0.0633697075	0.0999358592	0.0053743263	0.0563345369	-0.06357818030000001	-0.0206909144	-0.07371888160000001	-0.0608876835	0.0564648529	0.0379303927	-0.10106907550000001	0.0709273254	-0.02716601	-0.0218117611	0.0197583	0.152313	-1.70721	0.008691169999999998	-4.69734e-05	0.00113873
674.147736158483	610.1663824116451	558.3235607733947	0.928595	25.107761	0.22156764999999987	-0.0593358915	-0.0052511184	-0.021918677200000004	0.0699030152	-0.0562686688	-0.11061135050000001	-0.0361638928	0.025754246499999998	-0.0570894611	0.1127240233	0.051371114800000006	-0.0349872944	-0.10198812550000001	0.0742656803	-0.033503596499999996	-0.013141080500000001	0.00804608	0.10555	-1.58158	0.008187339999999998	-0.000292392	0.00113873
672.3702300547677	608.5796046683239	556.6868229914767	0.938247	25.368742	0.22988537000000014	-0.0749534234	0.0361814769	-0.0184682207	0.0895292733	0.0436534008	0.0314746437	-0.08610333960000001	-0.0375924509	-0.0657017075	-0.09275134550000001	0.0070845688	0.017238879	-0.10286785710000002	0.0774895228	-0.0397249664	-0.0043893808	0.0128526	0.122725	-1.72622	0.00933138	-0.000171155	0.00113873
675.0686302776132	609.6207019177408	556.9293800027813	0.961694	26.002726	0.29112590000000016	-0.0600334879	-0.0182662055	-0.0183211218	0.0705019949	0.043709543499999996	-0.06653169980000001	-0.0384554902	0.043538689699999994	-0.055287822699999996	0.07130041599999999	0.0077172507999999996	0.0105099627	-0.1037079311	0.0805938822	-0.0458085392	0.0043893808	0.0128978	0.138118	-1.53036	0.00776841	-0.000137571	0.00113873
671.8564802782263	609.1713262363038	556.4614906640467	0.8810989999999999	23.823538	0.3078405	-0.0759426008	0.0166568283	-0.0875166908	0.1107911395	0.0426238395	-0.0294840496	-0.0649825336	0.00572806	-0.0829673316	-0.0163764049	0.0294098804	-0.0796572108	-0.1045080238	0.0835739716	-0.051733212199999996	0.013141080500000001	0.026658	0.145574	-1.66116	0.010426800000000002	0.000110285	0.00134897
666.9142929441522	607.9061981468094	556.2684721081724	1.138512	30.783587	0.39533181	-0.075503805	0.1241420325	0.0777176366	0.23452045579999997	0.016840747	0.131679662	-0.1088991186	-0.0969913875	-0.1335053253	-0.1317572542	0.0421422804	-0.094823795	-0.1052678267	0.08642519609999999	-0.0574784342	0.0218117611	0.0657027	0.136256	-1.90336	0.00864319	-7.05572e-05	0.0014799
668.3873466834643	609.2482527191728	556.3948639265839	1.348775	36.468777	0.54577174	-0.0540857905	0.2485396895	0.026824650699999997	0.0175666217	-0.0662226773	-0.1552941765	-0.0700948848	-0.1994378361	-0.1344174028	0.1539145261	-0.0823005546	-0.034423401	-0.1059870468	0.08914315910000001	-0.0630242761	0.030347964900000003	0.0483196	0.10440700000000001	-2.23744	0.0109618	-0.00100113	0.00147991
668.5267091916165	608.75226188543	555.2326195570404	0.8849249999999999	23.927006	0.19440410000000008	-0.0666692088	0.2172102532	0.0996475869	-0.0306024187	-0.0499911489	-0.0888708616	-0.0838330841	-0.17869870570000002	-0.1155458432	0.0692213908	-0.1475691494	0.011640847900000001	-0.1066654069	0.0917236698	-0.0683515007	0.038697063399999995	0.0390095	0.141155	-2.12009	0.0105697	-0.00122895	0.00147991
664.2114719657186	607.3171173386895	552.5121369572929	0.874058	23.633177	0.23113500000000015	-0.0510455122	0.2622967391	0.021209443300000002	-0.0450847292	0.0018517142999999998	0.019107901	-0.10324714759999999	-0.22646002850000002	-0.057890496900000005	0.0025090849	-0.0723808493	-0.0411073427	-0.1073026454	0.0941627493	-0.07344162900000001	0.0468075816	0.0397055	0.122719	-2.26891	0.0116502	-0.00127968	0.00161234
660.8869912915344	606.1747654467297	552.3234832603032	0.740576	20.024033	0.11947579999999987	-0.0656862097	0.2505237192	-0.0352216765	-0.07182181530000001	-0.0305615454	0.047039352400000005	-0.1272669501	-0.2215905315	0.027381367599999998	0.049161698399999995	0.0140430606	-0.0630541727	-0.1078985167	0.0964566367	-0.0782770044	0.0546295156	0.0318332	0.109732	-2.1859	0.0118299	-0.00127968	0.00147991
662.473027948272	605.8390189830228	552.4016543938511	0.81403	22.010113	0.10176560000000016	-0.0658089317	0.23343217309999997	0.0181915948	-0.0331721415	0.0608114902	0.0807619234	-0.14132649949999998	-0.2164389214	-0.0038974815999999997	-0.0732835216	0.1107998335	-0.015258401299999998	-0.10845279109999999	0.0986017949	-0.0828408542	0.0621146404	0.0421243	0.141496	-2.15735	0.011401	-0.0010853700000000002	0.00147991
660.8765554094888	605.2254314131131	553.1335831555889	0.783713	21.190382	0.20194119999999985	-0.0488939991	0.2728851309	-0.0503084463	-0.0528439853	-0.0029953118	0.0418142312	-0.1480486848	-0.2396712682	0.0654262084	-0.0119431979	0.10752906529999999	-0.1323146309	-0.1089652549	0.1005949163	-0.08711734730000001	0.0692168078	0.0391143	0.0815058	-2.26829	0.011944	-0.00106835	0.00147991
664.4163486222685	605.5430625193278	551.6870076867203	1.356368	36.674091	0.6637493999999999	-0.0852372077	0.1369880594	-0.11666762789999999	-0.1424644561	-0.12532145990000002	-0.1491616925	-0.1352313317	-0.104533951	0.16869915829999999	0.1535299102	-0.0659433787	-0.11582564279999999	-0.1094357105	0.1024329276	-0.0910916496	0.0758922305	0.049034	0.141591	-1.8138	0.00986026	-0.00171823	0.00142844
671.2166302602993	608.2200530939982	554.6426593526099	1.950949	52.750622	1.1184486000000002	0.06693810089999999	-0.12150605839999999	-0.32663065350000003	-0.1279925029	-0.059612403	-0.19949868710000002	0.07459510429999999	0.08608210880000002	0.3079085877	0.2726595111	-0.1150325724	0.0352927817	-0.1098639765	0.10411299480000001	-0.094749975	0.0820997524	0.07900849999999998	0.0997544	-0.951505	0.00654061	-0.00145839	0.00132108
689.6308166013441	615.5556119643302	565.2122558813687	1.9583	52.94939	0.81440802	0.22020754010000002	-0.11373014890000001	0.0649473898	0.1574468513	-0.121876922	-0.0578424712	0.2772868829	0.0580556445	-0.1285469338	0.0881624794	0.10834270050000001	0.0432678184	-0.1102498879	0.1056325273	-0.0980796336	0.08780110210000001	0.0287232	0.0309792	-0.472391	0.00423311	-0.00066801	9.42896e-05
680.9791804998447	614.0511570392429	560.4974934934004	1.407589	38.059032	0.36000960499999984	0.177928434	-0.1066908077	0.1456768936	0.118438404	0.0106185354	-0.18577011829999998	0.22010095870000002	0.07343116429999999	-0.0945028415	-0.0235094471	-0.0542263488	-0.051194017800000005	-0.1105932959	0.10698918210000001	-0.10106907550000001	0.09296112869999999	0.0376589	-0.0504814	-0.648646	0.00550696	-0.00125485	8.78135e-05
677.7921780773322	612.5927687028194	557.9551932613933	1.092335	29.535042	0.22626082500000005	0.14612424570000002	-0.1410382262	0.0672115523	0.0357232373	-0.0101586126	-0.0503540728	0.178114734	0.08445902429999999	-0.0173019725	-0.052402844500000004	-0.09702182279999999	0.0052187072	-0.11089406800000001	0.10818086730000001	-0.1037079311	0.09754801910000001	0.0575686	0.0349501	-0.699509	0.00471532	-0.00148895	0.000463206
678.9510682842266	610.9977369902742	557.5616938567002	0.917262	24.801338	0.0781405	0.1180680171	-0.1263645133	0.0922206133	-0.0900175141	-0.0689489529	-0.008047917199999999	0.1328706698	0.09361603019999999	0.09211165980000001	-0.0631405975	-0.0139850242	0.0811883287	-0.1111520884	0.10920574539999998	-0.1059870468	0.1015334935	0.0579053	0.0510941	-0.73828	0.00482577	-0.00177536	0.000524122
674.8527379677926	609.7528164544892	555.7384672447662	0.7785149999999998	21.049835	0.0758402999999999	0.1046244397	-0.1290100206	0.0538145814	-0.0824954636	-0.016727486	0.08430198480000001	0.1004428325	0.0716540003	0.1384277275	-0.1298194222	0.0567974349	0.0818413168	-0.1113672575	0.1100622363	-0.1078985167	0.1048929802	0.0635305	0.0440981	-0.780175	0.00489808	-0.00203157	0.000622084
672.530029498593	610.4049820814801	553.3121208706131	0.8676789999999999	23.460693	0.06563815	0.1073120111	-0.1352596751	0.0102608438	-0.1130444468	0.0689967503	0.14397430890000001	0.1040780952	0.0794609783	0.1326115356	-0.1326251166	0.0808902151	0.18455183190000002	-0.1115394925	0.1107490191	-0.1094357105	0.1076057667	0.07507719999999998	0.0398074	-0.807349	0.00482006	-0.00215776	0.000870409
666.9991569571768	610.4369901321462	552.1483403704764	0.9481290000000002	25.635937	0.07397499999999997	0.10401014199999999	-0.1449710461	-0.09975298029999999	-0.0966206424	0.1807823791	0.1622565384	0.1102319525	0.0963811869	0.117962261	-0.10481911470000001	0.030879878599999997	0.0465676071	-0.11166872679999999	0.111265035	-0.1105932959	0.1096551279	0.0661467	0.0606569	-0.8349309999999999	0.00515093	-0.00215637	0.000870409
671.0522651180794	610.7693559129406	553.4010209162825	0.936456	25.320324	0.09308560000000002	0.0778113123	-0.1267629887	0.0538913332	-0.1976334474	0.09088633089999999	0.1814850173	0.088338841	0.0957262535	0.040401277799999996	-0.1117655502	0.0321516855	0.1312893328	-0.1117549107	0.11160948820000001	-0.1113672575	0.11102842880000001	0.0697818	0.0586974	-0.903648	0.00486522	-0.00224614	0.000870409
672.0557041653352	609.1028195674799	554.8392957770328	0.961216	25.98979	0.40429975000000007	0.0134994491	-0.0767196397	0.0226213682	-0.0797595994	-0.040188395099999996	0.1933055641	0.0102840512	0.0709527525	0.0335345042	-0.1210168061	-0.0357664054	-0.0109880838	-0.111798011	0.11178184769999999	-0.1117549107	0.1117172025	0.0846547	0.0536361	-1.18286	0.0062765	-0.00181834	0.0011344
